"Country","Year","Agricultural area","Agricultural area certified organic","Agricultural area in conversion to organic","Agricultural area irrigated","Agricultural area organic, total","Arable land","Arable land and Permanent crops","Arable land area certified organic","Arable land area in conversion to organic","Arable land organic, total","Country area","Fallow land","Forest area","Inland water","Land area","Other land","Perm. crops irrigated","Perm. crops non-irrigated","Perm. meadows & pastures - Cultivated","Perm. meadows & pastures - Nat. grown","Perm. meadows & pastures Cult. & irrig","Perm. meadows & pastures Cult. non-irrig","Permanent crops","Permanent crops area certified organic","Permanent crops area in conversion to organic","Permanent crops organic, total","Permanent meadows and pastures","Permanent meadows and pastures area certified organic","Permanent meadows and pastures area in conversion to organic","Permanent meadows and pastures organic, total","Temp. crops irrigated","Temp. crops non-irrigated","Temp. meadows & pastures irrigated","Temp. meadows & pastures non-irrig.","Temporary crops","Temporary meadows and pastures","Total area equipped for irrigation","Agricultural population","Female economically active population","Female economically active population in Agr","Male economically active population","Male economically active population in Agr","Non-agricultural population","Rural population","Total economically active population","Total economically active population in Agr","Total Population - Both sexes","Total Population - Female","Total Population - Male","Urban population"
"Afghanistan",2009,37910,0.03,0.03,1836,0.06,7793,7910,NA,NA,NA,65223,4324,1350,NA,65223,25963,NA,NA,NA,30000,NA,NA,117,NA,NA,NA,30000,NA,NA,NA,NA,NA,NA,NA,3469,NA,3199,18385,2278,1871,7524,4022,12193,23754,9802,5894,30578,14756,15822,6824
"Africa",2009,1161062.1,106.85,450.57,NA,1413.29,224417.8,253243.7,0.89,NA,23.89,3031568.6,NA,677898.08,66890,2964678.6,1138040.62,NA,NA,NA,NA,NA,NA,28825.9,1.83,0.02,121.85,907818.4,NA,NA,24,NA,NA,NA,NA,NA,NA,13729.93,506541,161695,101660,230868,108840,492507,603665,392563,210499,999046,499666,499380,395378
"Albania",2009,1204.29,NA,NA,202,NA,612,699,NA,NA,NA,2875,207,777.44,135,2740,758.27,NA,NA,NA,NA,NA,NA,87,NA,NA,NA,505.29,NA,NA,NA,202,3,NA,NA,205,200,365,1354,612,264,847,355,1839,1567,1459,619,3193,1594,1599,1625
"Algeria",2009,41325,NA,NA,NA,0.6,7500,8435,NA,NA,NA,238174,3550,1500.8,NA,238174,195348.2,NA,NA,25,32865,NA,NA,935,NA,NA,NA,32890,NA,NA,NA,NA,NA,NA,NA,3950,NA,570,7416,4880,1660,9758,1497,27534,11922,14638,3157,34950,17311,17639,23028
"American Samoa",2009,5,NA,NA,NA,NA,2,5,NA,NA,NA,20,NA,17.75,NA,20,NA,NA,NA,NA,NA,NA,NA,3,NA,NA,NA,NA,NA,NA,NA,NA,NA,NA,NA,NA,NA,NA,19,11,3,17,5,49,5,27,8,67,33,34,62
"Americas",2009,1193648.04,6861.44,463.84,NA,9185.21,357456.44,387071.44,66.04,0.14,66.18,4075051,NA,1573315.4,185819.8,3889231.2,1122267.76,NA,NA,NA,NA,NA,NA,29615,340.41,4.95,345.36,806576.6,98.06,372,465.06,NA,NA,NA,NA,NA,NA,44371.23,100338,197359,9537,257826,35248,824703,183010,455184,44787,925036,468316,456722,742028
"Andorra",2009,18,NA,NA,NA,NA,1,1,NA,NA,NA,47,NA,16,NA,47,13,NA,NA,NA,NA,NA,NA,NA,NA,NA,NA,17,NA,NA,NA,NA,NA,NA,NA,NA,NA,NA,5,16,1,23,1,79,10,39,2,84,41,43,74
"Angola",2009,58290,NA,NA,NA,NA,4000,4290,NA,NA,NA,124670,NA,58604.8,NA,124670,7775.2,NA,NA,NA,NA,NA,NA,290,NA,NA,NA,54000,NA,NA,NA,NA,NA,NA,NA,NA,NA,80,12894,3862,3122,4367,2597,5661,7861,8229,5718,18555,9369,9186,10694
"Anguilla",2009,NA,NA,NA,NA,NA,NA,NA,NA,NA,NA,9,NA,5.5,NA,9,3.5,NA,NA,NA,NA,NA,NA,NA,NA,NA,NA,NA,NA,NA,NA,NA,NA,NA,NA,NA,NA,NA,3,3,0,4,1,12,0,7,1,15,8,7,15
"Antigua and Barbuda",2009,13,NA,NA,NA,NA,8,9,NA,NA,NA,44,NA,9.8,NA,44,21.2,NA,NA,NA,NA,NA,NA,1,NA,NA,NA,4,NA,NA,NA,NA,NA,NA,NA,NA,NA,0.13,18,16,2,22,6,70,61,38,8,88,44,43,27
"Argentina",2009,140500,4327,NA,NA,4327,31000,32000,NA,NA,NA,278040,NA,29639.8,4371,273669,103529.2,NA,NA,NA,NA,NA,NA,1000,NA,NA,NA,108500,NA,NA,NA,NA,NA,NA,NA,NA,NA,1650,3143,7807,151,10902,1262,36919,3120,18709,1413,40062,20466,19597,36942
"Armenia",2009,1753.5,0.2,0.4,NA,0.6,457.5,510.5,NA,NA,NA,2974,135,266.2,126,2848,828.3,NA,NA,127,1116,NA,NA,53,NA,NA,NA,1243,NA,NA,NA,NA,NA,NA,NA,322.5,NA,274,298,782,26,774,125,2787,1106,1557,150,3085,1649,1436,1978
"Aruba",2009,2,NA,NA,NA,NA,2,2,NA,NA,NA,18,NA,0.4,NA,18,15.6,NA,NA,NA,NA,NA,NA,NA,NA,NA,NA,NA,NA,NA,NA,NA,NA,NA,NA,NA,NA,NA,22,20,2,26,7,85,57,46,9,107,56,51,50
"Asia",2009,1638836.3,897.46,414.99,NA,4092.17,473205.7,549610.6,0.81,2.3,10.92,3196501.15,NA,590819.33,102944.6,3093556.55,863901.32,NA,NA,NA,NA,NA,NA,76404.9,1.32,0.53,4.05,1089225.7,16.4,NA,16.4,NA,NA,NA,NA,NA,NA,224644.6,1958631,771645,434353,1230335,586478,2162185,2399306,2001980,1020833,4120816,2011450,2109370,1721511
"Australia",2009,409029,NA,NA,1761,12002,47161,47511,NA,NA,NA,774122,NA,150224,5892,768230,208977,NA,NA,NA,NA,NA,NA,350,NA,NA,NA,361518,NA,NA,NA,1121,26390,NA,NA,27511,NA,2550,867,5223,200,6269,255,21035,2424,11492,455,21902,10998,10904,19479
"Australia & New Zealand",2009,420520,NA,NA,NA,12126.5,47632,48053,NA,NA,NA,800897,NA,158501.86,6332,794565,215543.14,NA,NA,NA,NA,NA,NA,421,NA,NA,NA,372467,NA,NA,NA,NA,NA,NA,NA,NA,NA,3169,1204,6307,265,7511,376,25021,3022,13817,641,26225,13199,13025,23204
"Austria",2009,3168,NA,NA,NA,NA,1371,1437,58,45,1268,8387.9,45,3882,144.4,8243.5,1193.5,NA,NA,870,861,NA,NA,66,NA,NA,NA,1731,NA,NA,NA,NA,NA,NA,NA,1268,58,117,293,1960,69,2310,81,8076,2735,4269,150,8370,4289,4081,5635
"Azerbaijan",2009,4757.3,17.5,2.8,1404.6,20.3,1874,2101.1,0.8,2.3,3.1,8660,41.5,936,397.8,8262.2,2568.9,157.4,69.7,2656.2,NA,47.2,2609,227.1,0.3,0.5,0.8,2656.2,16.4,NA,16.4,1200,632.5,NA,NA,1832.5,NA,1433,2099,2212,577,2444,501,6967,4368,4657,1078,9067,4588,4479,4699
"Bahamas",2009,14,NA,NA,NA,NA,8,12,NA,NA,NA,1388,NA,515,387,1001,472,NA,NA,NA,NA,NA,NA,4,NA,NA,NA,2,NA,NA,NA,NA,NA,NA,NA,NA,NA,1,9,87,0,94,4,330,54,181,5,338,173,165,284
"Bahrain",2009,7.8,NA,NA,NA,NA,1.3,3.8,NA,NA,NA,76,NA,0.51,NA,76,67.69,NA,NA,NA,NA,NA,NA,2.5,NA,NA,NA,4,NA,NA,NA,NA,NA,NA,NA,NA,NA,4,8,107,0,473,4,1162,134,579,4,1170,445,725,1036
"Bangladesh",2009,9149,NA,NA,NA,NA,7569,8549,NA,NA,NA,14400,614,1444.6,1383,13017,2423.4,NA,NA,NA,NA,NA,NA,980,NA,NA,NA,600,NA,NA,NA,NA,NA,NA,NA,NA,NA,5100,68079,27850,16227,41735,15993,78951,106507,69585,32220,147030,72456,74574,40524
"Barbados",2009,19,NA,NA,NA,NA,16,17,NA,NA,NA,43,NA,8.36,NA,43,15.64,NA,NA,NA,NA,NA,NA,1,NA,NA,NA,2,NA,NA,NA,NA,NA,NA,NA,NA,NA,5,8,76,2,87,3,265,153,164,5,273,137,135,120
"Belarus",2009,8927,NA,NA,47,NA,5544,5664,NA,NA,NA,20760,27,8591.2,478,20282,2763.8,NA,NA,2233,1030,NA,NA,120,NA,NA,NA,3263,NA,NA,NA,NA,NA,NA,NA,NA,NA,131,891,2398,87,2489,364,8745,2488,4887,452,9636,5152,4484,7148
"Belgium",2009,1364,29.8,11.55,NA,41.35,840,862,NA,NA,NA,3053,10,676.76,25,3028,987.24,NA,NA,NA,NA,NA,NA,22,NA,NA,NA,502,NA,NA,NA,NA,NA,NA,NA,750,80,23,138,2116,19,2575,42,10523,279,4691,61,10661,5437,5224,10382
"Belize",2009,152,1.13,0.05,NA,1.18,70,102,0.12,NA,0.12,2297,NA,1412.2,16,2281,716.8,NA,NA,NA,NA,NA,NA,32,1.01,0.05,1.06,50,NA,NA,NA,NA,NA,NA,NA,NA,NA,4,73,47,1,78,29,232,147,125,30,305,155,151,158
"Benin",2009,3300,NA,NA,NA,NA,2450,2750,NA,NA,NA,11262,NA,4611,200,11062,3151,NA,NA,NA,NA,NA,NA,300,NA,NA,NA,550,NA,NA,NA,NA,NA,NA,NA,NA,NA,12,3893,1466,646,2034,938,4709,5023,3500,1584,8602,4364,4237,3579
"Bermuda",2009,0.74,NA,NA,NA,NA,0.74,0.74,NA,NA,NA,5,NA,1,NA,5,3.26,NA,NA,NA,NA,NA,NA,NA,NA,NA,NA,NA,NA,NA,NA,NA,NA,NA,NA,NA,NA,NA,1,15,0,19,0,64,0,34,1,65,32,33,65
"Bhutan",2009,507,NA,NA,NA,NA,75,100,NA,NA,NA,3839.4,NA,3238.2,NA,3839.4,94.2,NA,NA,NA,NA,NA,NA,25,NA,NA,NA,407,NA,NA,NA,NA,NA,NA,NA,NA,NA,28,663,106,103,219,198,51,471,324,301,714,336,378,243
"Bolivia (Plurinational State of)",2009,36954,NA,NA,NA,NA,3735,3954,NA,NA,NA,109858,NA,57503.6,1528,108330,13872.4,NA,NA,NA,NA,NA,NA,219,NA,NA,NA,33000,NA,NA,NA,NA,NA,NA,NA,2635,NA,175,3930,2120,809,2549,1123,5843,3315,4669,1932,9773,4901,4872,6459
"Bosnia and Herzegovina",2009,2128,NA,NA,NA,NA,997,1099,NA,NA,NA,5121,472,2185,21,5100,787,NA,NA,NA,NA,NA,NA,102,NA,NA,NA,1029,NA,NA,NA,NA,NA,NA,NA,525,NA,3,97,875,29,999,19,3671,1959,1874,48,3768,1957,1811,1809
"Botswana",2009,25852,NA,NA,NA,NA,250,252,NA,NA,NA,58173,NA,11587.8,1500,56673,19233.2,NA,NA,NA,NA,NA,NA,2,NA,NA,NA,25600,NA,NA,NA,NA,NA,NA,NA,NA,NA,1.5,838,319,175,418,136,1144,785,737,312,1982,984,998,1197
"Brazil",2009,264500,NA,NA,NA,NA,61200,68500,NA,NA,NA,851488,NA,521716.4,5546,845942,59725.6,NA,NA,NA,NA,NA,NA,7300,NA,NA,NA,196000,NA,NA,NA,NA,NA,NA,NA,NA,NA,4500,21705,43765,2779,55755,8557,171541,26820,99519,11336,193247,98110,95137,166427
"British Virgin Islands",2009,7,NA,NA,NA,NA,1,2,NA,NA,NA,15,NA,3.64,NA,15,4.36,NA,NA,NA,NA,NA,NA,1,NA,NA,NA,5,NA,NA,NA,NA,NA,NA,NA,NA,NA,NA,5,4,1,6,2,18,14,10,2,23,12,11,9
"Brunei Darussalam",2009,11.4,NA,NA,NA,NA,3,8,NA,NA,NA,577,NA,381.8,50,527,134.2,NA,NA,NA,3.4,NA,NA,5,NA,NA,NA,3.4,NA,NA,NA,NA,NA,NA,NA,NA,NA,1,1,82,0,105,0,391,97,187,1,392,194,198,295
"Bulgaria",2009,5030,5,7.4,NA,12.3,3139,3311,NA,NA,NA,11100,196,3871.8,244,10856,1954.2,NA,NA,NA,NA,NA,NA,172,NA,NA,NA,1719,NA,NA,NA,NA,NA,NA,NA,2848,95,102,321,1561,41,1784,91,7222,2173,3345,132,7543,3894,3649,5370
"Burkina Faso",2009,11965,NA,NA,NA,14.7,5900,5965,NA,NA,NA,27422,NA,5709,62,27360,9686,NA,NA,NA,NA,NA,NA,65,NA,NA,NA,6000,NA,NA,NA,NA,NA,NA,NA,NA,NA,30,14717,3442,3210,3816,3472,1267,12014,7258,6682,15984,8058,7927,3970
"Burundi",2009,2150,NA,NA,NA,0.4,900,1250,NA,NA,NA,2783,NA,173.8,215,2568,244.2,NA,NA,NA,NA,NA,NA,350,NA,NA,NA,900,NA,NA,NA,NA,NA,NA,NA,NA,NA,23,7305,2106,2050,1988,1610,866,7298,4093,3660,8171,4165,4006,873
"Cambodia",2009,5555,NA,NA,NA,10.7,3900,4055,NA,NA,NA,18104,NA,10221.4,452,17652,1875.6,NA,NA,NA,NA,NA,NA,155,NA,NA,NA,1500,NA,NA,NA,NA,NA,NA,NA,NA,NA,285,9263,3583,2518,3803,2376,4715,11206,7386,4895,13978,7143,6835,2772
"Cameroon",2009,9363,NA,NA,NA,0.3,5963,7363,NA,NA,NA,47544,NA,20136,273,47271,17772,NA,NA,NA,NA,NA,NA,1400,NA,NA,NA,2000,NA,NA,NA,NA,NA,NA,NA,NA,NA,29,8080,3030,1692,4246,1871,11095,8130,7277,3563,19175,9606,9569,11045
"Canada",2009,67600,695.5,8.2,NA,703.7,45100,52150,NA,NA,NA,998467,NA,310134,89116,909351,531617,NA,NA,NA,NA,NA,NA,7050,NA,NA,NA,15450,NA,NA,NA,NA,NA,NA,NA,NA,NA,855,644,9042,174,10078,163,33031,6573,19120,337,33675,16982,16693,27103
"Cape Verde",2009,88,NA,NA,NA,NA,60,63,NA,NA,NA,403,NA,84.79,NA,403,230.21,NA,NA,NA,NA,NA,NA,3,NA,NA,NA,25,NA,NA,NA,NA,NA,NA,NA,NA,NA,3,86,76,13,110,20,406,195,186,32,492,249,243,297
"Caribbean",2009,11862.4,148.83,12.53,NA,176.2,5804.2,7165.2,NA,NA,NA,23412.4,NA,6890.66,813.4,22599,3845.94,NA,NA,NA,NA,NA,NA,1361,NA,NA,NA,4697.2,NA,NA,NA,NA,NA,NA,NA,NA,NA,1316.23,9345,7293,903,10653,2802,32020,13978,17945,3704,41362,20830,20530,27384
"Cayman Islands",2009,2.7,NA,NA,NA,NA,0.2,0.7,NA,NA,NA,26.4,NA,12.7,2.4,24,8.6,NA,NA,NA,NA,NA,NA,0.5,NA,NA,NA,2,NA,NA,NA,NA,NA,NA,NA,NA,NA,NA,11,10,1,14,4,44,0,24,5,56,28,28,56
"Central African Republic",2009,5235,NA,NA,NA,NA,1950,2035,NA,NA,NA,62298,NA,22635,NA,62298,34428,NA,NA,NA,NA,NA,NA,85,NA,NA,NA,3200,NA,NA,NA,NA,NA,NA,NA,NA,NA,1,2774,869,620,1067,623,1544,2646,1936,1244,4318,2192,2127,1672
"Central America",2009,121290,367.33,6.57,NA,412.28,31048,36042,63.12,NA,63.12,248666,NA,84715,3439,245227,39222,NA,NA,NA,NA,NA,NA,4994,264.41,0.05,264.46,85248,6,NA,6,NA,NA,NA,NA,NA,NA,6841,32713,23253,1454,41212,10794,121034,43371,64465,12250,153745,77957,75790,110375
"Central Asia",2009,283108.3,NA,NA,NA,154.57,31569,32267,NA,NA,NA,400289.9,NA,12067.9,7610.9,392679,97502.8,NA,NA,NA,NA,NA,NA,698,NA,NA,NA,250841.3,NA,NA,NA,NA,NA,NA,NA,NA,NA,11316.3,13017,13262,2410,14951,3472,46986,34892,28214,5883,60003,30524,29480,25111
"Chad",2009,49332,NA,NA,NA,NA,4300,4332,NA,NA,NA,128400,NA,11604.2,2480,125920,64983.8,NA,NA,NA,NA,NA,NA,32,NA,NA,NA,45000,NA,NA,NA,NA,NA,NA,NA,NA,NA,30,7303,2143,1655,2239,1271,3634,7972,4382,2926,10937,5500,5437,2965
"Chile",2009,15742,77.8,NA,NA,77.8,1270,1727,0.8,NA,0.8,75609.6,NA,16193.4,1256.4,74353.2,42417.8,NA,NA,NA,NA,NA,NA,457,13.9,NA,13.9,14015,63.1,NA,63.1,NA,NA,NA,NA,NA,NA,1900,2297,2646,135,4543,832,14659,1907,7189,967,16956,8571,8385,15049
"China",2009,524321,NA,NA,NA,NA,109999,124320,NA,NA,NA,960000.05,NA,204097.26,27251.1,932748.95,204330.69,NA,NA,NA,NA,NA,NA,14321,NA,NA,NA,400001,NA,NA,NA,NA,NA,NA,NA,NA,NA,64504,838683,373119,241205,444890,261486,526897,731312,818009,502691,1365580,657351,708228,634267
"Colombia",2009,42540,34,8,NA,42,1775,3354,NA,NA,NA,114175,73,60600,3225,110950,7810,NA,NA,31625,7561,NA,NA,1579,NA,NA,NA,39186,NA,NA,NA,NA,NA,NA,NA,1702,NA,900,7066,10880,876,12497,2670,38588,11517,23377,3546,45654,23189,22465,34137
"Comoros",2009,155,NA,NA,NA,1.3,80,140,NA,NA,NA,186.1,NA,3.4,NA,186.1,27.7,NA,NA,NA,NA,NA,NA,60,NA,NA,NA,15,NA,NA,NA,NA,NA,NA,NA,NA,NA,0.13,500,134,112,175,104,216,480,309,216,716,355,360,236
"Congo",2009,10560,NA,NA,NA,NA,500,560,NA,NA,NA,34200,NA,22423,50,34150,1167,NA,NA,NA,NA,NA,NA,60,NA,NA,NA,10000,NA,NA,NA,NA,NA,NA,NA,NA,NA,2,1290,646,295,948,226,2652,1509,1594,521,3941,1969,1973,2433
"Cook Islands",2009,3,NA,NA,NA,NA,2,3,NA,NA,NA,24,NA,15.5,NA,24,5.5,NA,NA,NA,NA,NA,NA,1,NA,NA,NA,NA,NA,NA,NA,NA,NA,NA,NA,NA,NA,NA,6,3,1,5,1,15,5,8,2,20,10,10,15
"Costa Rica",2009,1800,NA,NA,27.3,NA,200,500,NA,NA,NA,5110,NA,2582.2,4,5106,723.8,NA,NA,NA,NA,NA,NA,300,NA,NA,NA,1300,NA,NA,NA,NA,NA,NA,NA,NA,NA,108,746,728,40,1348,283,3845,1658,2076,324,4591,2260,2331,2933
"Côte d'Ivoire",2009,20300,NA,NA,NA,17.4,2800,7100,NA,NA,NA,32246,NA,10403.4,446,31800,1096.6,NA,NA,NA,NA,NA,NA,4300,NA,NA,NA,13200,NA,NA,NA,NA,NA,NA,NA,NA,NA,73,7542,2195,1019,5037,1800,11808,9712,7231,2818,19350,9480,9870,9638
"Croatia",2009,1300,NA,NA,5,14.1,869,957,NA,NA,10.4,5659,13,1916.6,63,5596,2379.4,NA,NA,NA,NA,NA,NA,88,NA,NA,1.7,343,NA,NA,2,NA,NA,NA,NA,817,39,31,206,875,28,1069,63,4205,1877,1943,91,4411,2288,2123,2534
"Cuba",2009,6655,NA,NA,NA,NA,3650,4025,NA,NA,NA,10989,1314,2835.4,345,10644,1153.6,NA,NA,232,2398,NA,NA,375,NA,NA,NA,2630,NA,NA,NA,NA,NA,NA,NA,NA,NA,870,1493,2075,107,3188,493,9769,2783,5263,600,11263,5598,5665,8479
"Cyprus",2009,125.2,NA,NA,26.3,NA,87,120.9,NA,NA,NA,925,13.8,173.12,1,924,625.68,16.7,17.2,NA,NA,NA,NA,33.9,NA,NA,NA,4.3,NA,NA,NA,9.6,63.6,NA,NA,73.2,NA,46,61,240,12,314,19,1029,326,553,31,1090,535,556,765
"Czech Republic",2009,4239,NA,NA,11,378,3180,3256,NA,NA,45,7887,29,2655,162,7725,831,NA,NA,NA,NA,NA,NA,76,NA,NA,4,983,NA,NA,329,NA,NA,NA,NA,NA,NA,21,666,2348,80,2923,257,9774,2767,5271,336,10440,5325,5115,7673
"Democratic People's Republic of Korea",2009,2905,NA,NA,NA,NA,2650,2855,NA,NA,NA,12054,NA,5792.6,13,12041,3343.4,NA,NA,NA,NA,NA,NA,205,NA,NA,NA,50,NA,NA,NA,NA,NA,NA,NA,NA,NA,1460,5799,5814,1436,7138,1663,18439,9668,12953,3099,24238,12349,11889,14571
"Democratic Republic of the Congo",2009,22450,1.9,4.8,NA,6.7,6700,7450,NA,NA,NA,234486,NA,154446.4,7781,226705,49808.6,NA,NA,NA,NA,NA,NA,750,NA,NA,NA,15000,NA,NA,NA,NA,NA,NA,NA,NA,NA,11,37050,9269,6774,14906,7177,27154,42015,24175,13951,64204,32274,31930,22190
"Denmark",2009,2634,137,17,254,148,2431,2437,NA,NA,NA,4309,33,542,66,4243,1067,NA,NA,197,NA,NA,NA,6,NA,NA,NA,197,NA,NA,NA,NA,NA,NA,NA,1862,536,435,146,1386,19,1554,59,5378,737,2941,78,5525,2787,2738,4788
"Djibouti",2009,1702,NA,NA,NA,NA,2,2,NA,NA,NA,2320,NA,5.6,2,2318,610.4,NA,NA,NA,NA,NA,NA,NA,NA,NA,NA,1700,NA,NA,NA,NA,NA,NA,NA,NA,NA,1,650,162,129,212,150,222,208,374,279,872,436,436,664
"Dominica",2009,24.5,NA,NA,NA,NA,6,22.5,NA,NA,NA,75,NA,44.93,NA,75,5.57,NA,NA,NA,NA,NA,NA,16.5,NA,NA,NA,2,NA,NA,NA,NA,NA,NA,NA,NA,NA,NA,14,12,1,17,5,54,22,29,6,68,34,34,46
"Dominican Republic",2009,2467,148.6,12.5,NA,161.1,800,1270,NA,NA,NA,4867,NA,1972,35,4832,393,NA,NA,NA,NA,NA,NA,470,NA,NA,NA,1197,NA,NA,NA,NA,NA,NA,NA,NA,NA,275,1136,1911,142,2377,325,8661,3084,4288,467,9797,4881,4916,6713
"Eastern Africa",2009,305094.1,50.25,33.77,NA,456.14,59177.8,66483.7,0.89,NA,0.89,636166.6,NA,182666.49,30538,605628.6,127763.41,NA,NA,NA,NA,NA,NA,7305.9,1.83,0.02,1.85,238610.4,NA,NA,NA,NA,NA,NA,NA,NA,NA,2464.43,232696,70688,56404,76053,53609,83171,242121,146738,110015,315866,158887,156976,73743
"Eastern Asia",2009,649489,NA,NA,NA,1878.11,119498,134542,NA,NA,7.81,1176250.75,NA,252068.66,29944.8,1146305.95,244748.29,NA,NA,NA,NA,NA,NA,15044,NA,NA,1,514947,NA,NA,NA,NA,NA,NA,NA,NA,NA,69360,850175,416376,243952,504313,264927,716870,792562,920691,508878,1567046,759992,807053,774484
"Eastern Europe",2009,314860,533.29,299.77,NA,1559.66,195203,199541,133.34,104.12,282.46,1882625,NA,854007.2,77566,1805059,636191.8,NA,NA,NA,NA,NA,NA,4338,4,3.75,11.75,115319,167.65,39.4,536.05,NA,NA,NA,NA,NA,NA,10505.3,28637,72574,4211,76964,10292,266603,92125,149535,14504,295241,156714,138527,203117
"Ecuador",2009,7534,64.28,5.04,952,69.32,1199,2548,2.12,0.14,2.26,25637,171,10062.6,801,24836,7239.4,557,792,3562,1424,NA,NA,1349,62.1,4.9,67,4986,0.06,5,0.06,395,634,NA,NA,1029,NA,960,2903,2632,302,3848,930,11359,4806,6480,1231,14262,7117,7145,9456
"Egypt",2009,3689,NA,NA,NA,56,2884,3689,NA,NA,NA,100145,NA,69.4,600,99545,95786.6,NA,NA,NA,NA,NA,NA,805,NA,NA,NA,NA,NA,NA,NA,NA,NA,NA,NA,NA,NA,3650,22813,6602,2665,19176,3967,56903,45206,25779,6632,79716,39682,40034,34510
"El Salvador",2009,1544,6.7,0.02,NA,6.7,677,907,NA,NA,NA,2104,60,291.4,32,2072,236.6,NA,NA,NA,NA,NA,NA,230,NA,NA,NA,637,NA,NA,NA,NA,NA,NA,NA,407,210,45,1647,1041,55,1523,542,4514,2232,2564,597,6160,3231,2929,3929
"Equatorial Guinea",2009,306,NA,NA,NA,NA,132,202,NA,NA,NA,2805,NA,1637.8,NA,2805,861.2,NA,NA,NA,NA,NA,NA,70,NA,NA,NA,104,NA,NA,NA,NA,NA,NA,NA,NA,NA,NA,441,83,72,183,100,240,412,266,172,681,332,349,269
"Eritrea",2009,7592,NA,NA,NA,NA,690,692,NA,NA,NA,11760,NA,1536.4,1660,10100,971.6,NA,NA,NA,NA,NA,NA,2,NA,NA,NA,6900,NA,NA,NA,NA,NA,NA,NA,NA,NA,21,3778,833,657,1203,851,1320,4023,2035,1508,5098,2589,2509,1075
"Estonia",2009,931,74,23,NA,97,596,604,32,12,44,4523,30,2224,284,4239,1084,NA,NA,124,203,NA,NA,8,1,NA,1,327,41,11,52,NA,NA,NA,NA,426,140,4,122,348,17,338,46,1220,410,686,62,1342,723,618,932
"Ethiopia",2009,34985,NA,NA,170,NA,13948,14985,NA,NA,NA,110430,635,12436.8,10430,1e+05,52578.2,47,990,NA,NA,NA,NA,1037,NA,NA,NA,20000,NA,NA,NA,123,11794,NA,NA,11917,1396,290,63231,18936,14062,20746,16843,17957,67790,39682,30905,81188,40786,40402,13398
"Europe",2009,472631.47,4797.37,1818.68,NA,7344.95,277970.6,293723.88,679.11,248.14,2154.95,2299858.9,NA,1004230.41,92512.9,2207347,730485.12,NA,NA,NA,NA,NA,NA,15753.28,13.45,7.14,25.79,178907.59,676.82,145.74,1245.96,NA,NA,NA,NA,NA,NA,25749.84,44987,169471,7324,195404,15039,691870,202314,364867,22366,736855,381892,354961,534541
"European Union",2009,188406.1,4742.91,1795.23,NA,6793.14,108832.8,120856,640.34,230.22,2080.56,432924.9,NA,156360.63,14751.9,418174,73407.27,NA,NA,NA,NA,NA,NA,12023.2,13,5.65,22.65,67550.1,667.85,142.5,1139.35,NA,NA,NA,NA,NA,NA,18213.34,22527,108182,4176,131826,6916,476455,131355,240003,11090,498982,255106,243876,367629
"Falkland Islands (Malvinas)",2009,1109.5,28.9,367,NA,395.9,NA,NA,NA,NA,NA,1217,NA,0,NA,1217,107.5,NA,NA,NA,NA,NA,NA,NA,NA,NA,NA,1109.5,28.9,367,395.9,NA,NA,NA,NA,NA,NA,NA,0,1,0,1,0,3,1,1,0,3,2,1,2
"Faroe Islands",2009,3,NA,NA,NA,NA,3,3,NA,NA,NA,139.6,NA,0.1,NA,139.6,136.5,NA,NA,NA,NA,NA,NA,NA,NA,NA,NA,NA,NA,NA,NA,NA,NA,NA,NA,NA,NA,NA,1,11,0,14,1,47,29,25,1,49,24,25,20
"Fiji",2009,418,NA,NA,NA,NA,160,243,NA,NA,NA,1827,NA,1010.72,NA,1827,398.28,NA,NA,NA,NA,NA,NA,83,NA,NA,NA,175,NA,NA,NA,NA,NA,NA,NA,NA,NA,3,309,113,27,233,99,543,414,346,126,852,417,435,439
"Finland",2009,2296,146,23,NA,169,2257,2262,141,23,164,33842,230,22157,3452,30390,5937,NA,NA,NA,NA,NA,NA,5,1,NA,1,34,4,NA,4,NA,NA,NA,NA,1387,640,77,216,1314,36,1410,65,5126,811,2724,102,5342,2722,2620,4531
"France",2009,29266,525.6,151.9,NA,677.5,18345.6,19396,NA,NA,NA,54919,687,15906,153,54766,9594,NA,NA,7360,2510,NA,NA,1050.4,NA,NA,NA,9870,NA,NA,NA,NA,NA,NA,NA,14492.6,3166,2600,1330,13214,203,15016,399,61115,9612,28230,601,62445,32073,30372,52833
"French Guiana",2009,23,2,0.7,NA,2.7,11.5,15.5,NA,NA,NA,8353,0.5,8085.6,133,8220,111.4,NA,NA,1,6.5,NA,NA,4,NA,NA,NA,7.5,NA,NA,NA,NA,NA,NA,NA,NA,NA,6,30,40,3,48,9,196,54,89,12,225,113,113,172
"French Polynesia",2009,44.5,NA,NA,NA,NA,2.5,24.5,NA,NA,NA,400,NA,150,34,366,171.5,NA,NA,NA,NA,NA,NA,22,NA,NA,NA,20,NA,NA,NA,NA,NA,NA,NA,NA,NA,1,74,47,12,73,21,194,130,119,33,268,131,137,138
"Gabon",2009,5140,NA,NA,NA,NA,325,475,NA,NA,NA,26767,NA,22000,1000,25767,NA,NA,NA,NA,NA,NA,NA,150,NA,NA,NA,4665,NA,NA,NA,NA,NA,NA,NA,NA,NA,4,397,303,86,389,100,1081,213,692,186,1478,737,741,1265
"Gambia",2009,665,NA,NA,NA,NA,400,405,NA,NA,NA,1130,NA,478.2,130,1000,NA,NA,NA,NA,NA,NA,NA,5,NA,NA,NA,260,NA,NA,NA,NA,NA,NA,NA,NA,NA,2,1284,360,313,410,275,398,717,771,588,1682,851,831,964
"Georgia",2009,2508,NA,NA,NA,NA,448,568,NA,NA,NA,6970,140,2744.84,21,6949,1696.16,NA,NA,NA,NA,NA,NA,120,NA,NA,NA,1940,NA,NA,NA,NA,NA,NA,NA,299,9,433,678,1092,132,1251,231,3695,2070,2342,363,4374,2313,2061,2303
"Germany",2009,16886,NA,NA,NA,NA,11945,12145,NA,NA,NA,35712,246,11076,851,34861,6899,NA,NA,NA,NA,NA,NA,200,NA,NA,NA,4741,NA,NA,NA,NA,NA,NA,NA,9352,2347,485,1359,19073,257,22842,434,81047,21647,41914,691,82405,42032,40373,60758
"Ghana",2009,15500,NA,NA,NA,NA,4400,7200,NA,NA,NA,23854,NA,5055.4,1100,22754,2198.6,NA,NA,NA,NA,NA,NA,2800,NA,NA,NA,8300,NA,NA,NA,NA,NA,NA,NA,NA,NA,34,12884,5280,2615,5530,3306,10940,11736,10810,5921,23824,11705,12119,12088
"Gibraltar",2009,NA,NA,NA,NA,NA,NA,NA,NA,NA,NA,1,NA,0,NA,1,1,NA,NA,NA,NA,NA,NA,NA,NA,NA,NA,NA,NA,NA,NA,NA,NA,NA,NA,NA,NA,NA,2,6,0,8,0,28,0,14,1,29,14,15,29
"Greece",2009,8199.2,293.6,32.7,1386,326.3,2550.8,3699.2,NA,NA,NA,13196,NA,3872.8,306,12890,818,NA,NA,NA,NA,NA,NA,1148.4,NA,NA,NA,4500,NA,NA,NA,NA,NA,NA,NA,NA,NA,1555,1121,2174,345,3102,312,10206,4398,5276,657,11327,5725,5601,6928
"Greenland",2009,235,NA,NA,NA,NA,NA,NA,NA,NA,NA,41045,NA,0.22,NA,41045,40809.78,NA,NA,NA,NA,NA,NA,NA,NA,NA,NA,235,NA,NA,NA,NA,NA,NA,NA,NA,NA,NA,1,14,0,17,0,56,9,30,0,57,28,29,48
"Grenada",2009,12.5,0.03,0.01,NA,0.04,2.5,11.5,NA,NA,NA,34,NA,16.99,NA,34,4.51,NA,NA,NA,NA,NA,NA,9,NA,NA,NA,1,NA,NA,NA,NA,NA,NA,NA,NA,NA,2,22,18,2,27,7,83,64,45,9,104,52,52,40
"Guadeloupe",2009,43.2,0.07,0.01,NA,0.08,21,24.2,NA,NA,NA,170,2.6,64.68,1,169,61.12,NA,NA,NA,NA,NA,NA,3.2,NA,NA,NA,19,NA,NA,NA,NA,NA,NA,NA,NA,NA,6.5,7,107,1,102,3,451,7,209,3,458,242,216,451
"Guam",2009,19,NA,NA,NA,NA,1,11,NA,NA,NA,54,NA,25.88,NA,54,9.12,NA,NA,NA,NA,NA,NA,10,NA,NA,NA,8,NA,NA,NA,NA,NA,NA,NA,NA,NA,0.2,45,36,5,51,15,133,12,86,20,178,87,90,166
"Guatemala",2009,4395,NA,NA,NA,13.3,1500,2445,NA,NA,NA,10889,NA,3713.2,173,10716,2607.8,NA,NA,NA,NA,NA,NA,945,NA,NA,NA,1950,NA,NA,NA,NA,NA,NA,NA,NA,NA,200,5976,1978,202,3231,1821,8058,7159,5209,2023,14034,7196,6838,6874
"Guinea",2009,14240,NA,NA,NA,NA,2850,3540,NA,NA,NA,24586,NA,6580,14,24572,3752,NA,NA,NA,NA,NA,NA,690,NA,NA,NA,10700,NA,NA,NA,NA,NA,NA,NA,NA,NA,95,7831,2205,1869,2482,1891,1930,6359,4687,3760,9761,4829,4932,3402
"Guinea-Bissau",2009,1630,NA,NA,NA,NA,300,550,NA,NA,NA,3613,NA,2032,801,2812,NA,NA,NA,NA,NA,NA,NA,250,NA,NA,NA,1080,NA,NA,NA,NA,NA,NA,NA,NA,NA,25,1182,211,200,342,241,302,1041,553,440,1484,749,735,443
"Guyana",2009,1675,NA,NA,NA,NA,420,445,NA,NA,NA,21497,NA,15205,1812,19685,2805,NA,NA,NA,NA,NA,NA,25,NA,NA,NA,1230,NA,NA,NA,NA,NA,NA,NA,NA,NA,150,112,123,4,217,46,641,538,340,51,753,375,378,215
"Haiti",2009,1840,NA,NA,NA,NA,1050,1350,NA,NA,NA,2775,NA,101.8,19,2756,814.2,NA,NA,NA,NA,NA,NA,300,NA,NA,NA,490,NA,NA,NA,NA,NA,NA,NA,NA,NA,92,5851,1256,561,2539,1693,4013,4875,3795,2253,9864,4972,4892,4989
"Honduras",2009,3190,NA,NA,NA,11.8,1020,1430,NA,NA,NA,11249,NA,5312,60,11189,2687,NA,NA,NA,NA,NA,NA,410,NA,NA,NA,1760,NA,NA,NA,NA,NA,NA,NA,NA,NA,80,2033,852,137,1852,530,5417,3649,2704,668,7450,3729,3721,3801
"Hungary",2009,5783,110.89,29.37,106.76,140.26,4585,4779,47.64,17.52,65.16,9303,331,2019.8,250,9053,1250.2,4.76,189.24,1004,NA,0.11,1003.89,194,2.5,2.35,4.85,1004,60.75,9.5,70.25,101.89,4142.11,NA,NA,4244,10,140,871,1974,77,2357,257,9131,3227,4331,334,10002,5254,4748,6775
"Iceland",2009,2281,NA,NA,NA,NA,7,7,NA,NA,NA,10300,NA,29,275,10025,7715,NA,NA,NA,NA,NA,NA,NA,NA,NA,NA,2274,NA,NA,NA,NA,NA,NA,NA,NA,NA,NA,20,88,2,99,10,296,21,187,12,316,157,159,294
"India",2009,179963,800,380,63196,1180,157923,169623,NA,NA,NA,328726,24857,68289,31407,297319,49067,NA,NA,NA,NA,NA,NA,11700,NA,NA,NA,10340,NA,NA,NA,NA,NA,NA,NA,NA,NA,66700,589823,138388,86415,347404,180336,617918,848778,485793,266751,1207740,583657,624083,358963
"Indonesia",2009,53600,NA,NA,NA,52.1,23600,42600,NA,NA,NA,190457,NA,95117,9300,181157,32440,NA,NA,NA,NA,NA,NA,19000,NA,NA,NA,11000,NA,NA,NA,NA,NA,NA,NA,NA,NA,6722,90176,43448,19452,74187,30061,147238,132977,117635,49513,237414,118986,118429,104438
"Iran (Islamic Republic of)",2009,48515,16.7,0.03,NA,16.73,17205,18991,NA,NA,NA,174515,4419,11075,11660,162855,103265,NA,190,50,29474,NA,NA,1786,NA,NA,NA,29524,NA,NA,NA,NA,5244,NA,NA,12786,NA,9133,16073,8845,2981,20713,3548,57064,21834,29559,6528,73137,35984,37153,51303
"Iraq",2009,8750,NA,NA,NA,NA,4500,4750,NA,NA,NA,43524,NA,825,92,43432,33857,NA,NA,NA,NA,NA,NA,250,NA,NA,NA,4000,NA,NA,NA,NA,NA,NA,NA,NA,NA,3525,1784,1340,222,6289,221,28941,10361,7630,443,30725,15316,15408,20364
"Ireland",2009,4189,NA,NA,NA,NA,1089,1092,NA,NA,NA,7028,NA,730.2,139,6889,1969.8,NA,NA,2656,441,NA,NA,3,NA,NA,NA,3097,NA,NA,NA,NA,NA,NA,NA,399,690,NA,301,966,12,1261,140,4111,1693,2227,152,4412,2205,2207,2719
"Israel",2009,522.6,NA,NA,148.3,5.8,304.3,382.6,NA,NA,NA,2207,90,154.2,43,2164,1487.2,58.5,19.8,NA,NA,NA,NA,78.3,NA,NA,NA,140,NA,NA,NA,89.8,124.5,NA,NA,214.3,NA,225,130,1374,11,1543,41,7131,594,2916,52,7261,3679,3582,6667
"Italy",2009,13908,735,371,NA,1106,6880,9485,NA,NA,NA,30134,485,9071,721,29414,6435,NA,NA,NA,NA,NA,NA,2605,NA,NA,NA,4423,NA,NA,NA,NA,NA,NA,NA,NA,NA,3950,2058,10702,393,15086,488,58191,19171,25787,881,60249,30820,29429,41078
"Jamaica",2009,449,NA,NA,NA,0.54,120,220,NA,NA,NA,1099,NA,337.52,16,1083,296.48,NA,NA,NA,NA,NA,NA,100,NA,NA,NA,229,NA,NA,NA,NA,NA,NA,NA,NA,NA,25,488,537,59,679,158,2243,1311,1216,217,2731,1387,1344,1420
"Japan",2009,4609,NA,NA,1621,8.81,4294,4609,NA,NA,7.81,37794.7,NA,24970.2,1344.7,36450,6870.8,NA,NA,NA,NA,NA,NA,315,NA,NA,1,NA,NA,NA,NA,1621,2054,NA,NA,3675,619,2506,2853,26920,615,37366,902,123698,42218,64287,1517,126552,64865,61687,84334
"Jordan",2009,1025,1.03,0.03,94.8,1.06,200.8,283,0.01,NA,0.01,8932,58.9,97.5,54,8878,7755.5,44.2,38,NA,742,NA,NA,82.2,1.02,0.03,1.05,742,NA,NA,NA,50.6,91.3,NA,NA,141.9,NA,94.8,395,302,70,1444,45,5631,1298,1746,114,6026,2924,3101,4728
"Kazakhstan",2009,208480,NA,NA,NA,134.9,23400,23480,NA,NA,NA,272490,NA,3314.6,2520,269970,58175.4,NA,NA,NA,NA,NA,NA,80,NA,NA,NA,185000,NA,NA,NA,NA,NA,NA,NA,NA,NA,3556,2526,4178,297,4281,905,13315,6623,8460,1202,15841,8241,7600,9218
"Kenya",2009,27350,4.21,0.02,10.1,4.23,5400,6050,0.89,NA,0.89,58037,NA,3478,1123,56914,26086,NA,NA,NA,NA,NA,NA,650,1.83,0.02,1.85,21300,NA,NA,NA,NA,NA,NA,NA,NA,NA,103,28065,8473,6322,9766,6649,11397,30837,18238,12971,39462,19754,19708,8625
"Kiribati",2009,34,NA,NA,NA,NA,2,34,NA,NA,NA,81,NA,12.15,NA,81,34.85,NA,NA,NA,NA,NA,NA,32,NA,NA,NA,NA,NA,NA,NA,NA,NA,NA,NA,NA,NA,NA,23,20,3,27,8,75,55,47,11,98,49,49,43
"Kuwait",2009,151,NA,NA,NA,NA,11.3,15,NA,NA,NA,1782,NA,5.97,NA,1782,1625.03,NA,NA,NA,NA,NA,NA,3.7,NA,NA,NA,136,NA,NA,NA,NA,NA,NA,NA,NA,NA,10.5,27,327,0,1018,14,2619,43,1345,14,2646,1065,1581,2603
"Kyrgyzstan",2009,10617.3,NA,NA,997.5,11.4,1276,1351,NA,NA,NA,19994.9,NA,936.9,814.9,19180,7625.8,NA,NA,5,9261.3,NA,NA,75,NA,NA,NA,9266.3,NA,NA,NA,NA,NA,NA,NA,NA,NA,1018.3,1123,1025,154,1375,357,4148,3446,2400,512,5271,2669,2602,1825
"Land Locked Developing Countries",2009,791053.1,82.23,5.93,NA,681.98,124349.5,130911.6,0.8,2.3,3.1,1630256.3,NA,275833.7,37598.7,1592657.6,525831.4,NA,NA,NA,NA,NA,NA,6562.1,0.3,0.5,0.8,660141.5,16.4,NA,16.4,NA,NA,NA,NA,NA,NA,19556.1,253608,79503,51158,95787,58695,147969,289742,175289,109856,401577,201715,199866,111832
"Lao People's Democratic Republic",2009,2346,NA,NA,NA,4.9,1360,1468,NA,NA,NA,23680,NA,15829.2,600,23080,4904.8,NA,NA,NA,NA,NA,NA,108,NA,NA,NA,878,NA,NA,NA,NA,NA,NA,NA,NA,NA,310,4591,1554,1211,1524,1100,1521,4155,3077,2311,6112,3065,3048,1957
"Latvia",2009,1833,141.1,19.1,NA,160.2,1168,1174,NA,NA,NA,6456,55,3342.6,238,6218,1042.4,NA,NA,NA,NA,NA,NA,6,NA,NA,NA,659,NA,NA,NA,NA,NA,NA,NA,NA,NA,0.8,214,591,30,624,85,2047,729,1215,115,2261,1222,1040,1532
"Least Developed Countries",2009,809357.3,120.19,450.78,NA,1139.26,164764,178344.8,NA,NA,NA,2079510.5,NA,603478.35,62913,2016597.5,614650.45,NA,NA,NA,NA,NA,NA,13580.8,NA,NA,1.2,631012.5,NA,NA,NA,NA,NA,NA,NA,NA,NA,18005.13,529968,153346,114517,201362,119842,284987,581094,354706,234356,814950,407616,407334,233853
"Lebanon",2009,688,NA,NA,NA,NA,145,288,NA,NA,NA,1045,10,136.82,22,1023,198.18,NA,NA,NA,NA,NA,NA,143,NA,NA,NA,400,NA,NA,NA,NA,NA,NA,NA,135,NA,90,82,397,10,1134,20,4115,541,1531,30,4197,2147,2050,3656
"Lesotho",2009,2339,NA,NA,NA,0.3,335,339,NA,NA,NA,3036,53,43.8,NA,3036,653.2,NA,NA,NA,NA,NA,NA,4,NA,NA,NA,2000,NA,NA,NA,NA,NA,NA,NA,282,NA,3,841,465,237,455,123,1308,1587,920,360,2149,1095,1054,562
"Liberia",2009,2610,NA,NA,NA,NA,400,610,NA,NA,NA,11137,NA,4359,1505,9632,2663,NA,NA,NA,NA,NA,NA,210,NA,NA,NA,2000,NA,NA,NA,NA,NA,NA,NA,NA,NA,3,2401,562,391,853,495,1435,2016,1415,885,3836,1910,1926,1820
"Libya",2009,15550,NA,NA,NA,NA,1750,2050,NA,NA,NA,175954,NA,217,NA,175954,160187,NA,NA,NA,NA,NA,NA,300,NA,NA,NA,13500,NA,NA,NA,NA,NA,NA,NA,NA,NA,470,203,570,52,1731,23,6060,1397,2301,74,6263,3074,3189,4866
"Liechtenstein",2009,6.5,NA,NA,NA,NA,3.5,3.5,NA,NA,NA,16,NA,6.9,NA,16,2.6,NA,NA,NA,NA,NA,NA,NA,NA,NA,NA,3,NA,NA,NA,NA,NA,NA,NA,NA,NA,NA,1,8,0,10,0,35,31,18,0,36,18,18,5
"Lithuania",2009,2689,106.1,23,NA,129.1,2053.7,2081.4,82.3,15,97.3,6530,107.8,2152.2,262.5,6267.5,1426.3,NA,NA,490.5,117.1,NA,NA,27.7,4.3,1.3,5.6,607.6,19.5,6.7,26.2,NA,NA,NA,NA,1464.6,481.3,1.34,339,790,31,785,100,3003,1106,1575,131,3341,1788,1553,2235
"Low Income Food Deficit Countries",2009,1361697.3,979.94,837.65,NA,2643.16,422346,487926,0.89,NA,0.89,3256516.4,NA,833598.09,113835.9,3142680.5,958273.71,NA,NA,NA,NA,NA,NA,65580,1.83,0.02,3.05,873771.3,NA,NA,NA,NA,NA,NA,NA,NA,NA,108609.73,2186552,769600,476738,1181951,621258,1949951,2570863,1951551,1097996,4136499,2021542,2114960,1565636
"Luxembourg",2009,131,3.2,0.4,NA,3.6,62,64,NA,NA,NA,259,0.12,86.75,NA,259,41.25,NA,NA,NA,NA,NA,NA,2,NA,NA,NA,67,NA,NA,NA,NA,NA,NA,NA,NA,NA,NA,7,102,1,128,2,491,75,230,3,498,251,247,423
"Madagascar",2009,40845,NA,NA,890,14.1,2950,3550,NA,NA,NA,58704,NA,12610,550,58154,4699,NA,NA,NA,NA,NA,NA,600,NA,NA,NA,37295,NA,NA,NA,NA,NA,NA,NA,NA,NA,1086,14216,4863,3752,5076,3270,5908,14123,9940,7022,20124,10093,10031,6001
"Malawi",2009,5572,NA,NA,NA,1,3600,3722,NA,NA,NA,11848,NA,3270,2420,9428,586,NA,NA,NA,NA,NA,NA,122,NA,NA,NA,1850,NA,NA,NA,NA,NA,NA,NA,NA,NA,59,10600,2974,2796,3026,1971,3843,11661,5999,4767,14442,7222,7221,2781
"Malaysia",2009,7870,NA,NA,NA,1.6,1800,7585,NA,NA,NA,33080,NA,20542.8,225,32855,4442.2,NA,NA,NA,NA,NA,NA,5785,NA,NA,NA,285,NA,NA,NA,NA,NA,NA,NA,NA,NA,365,3495,4410,352,7956,1288,24455,8009,12366,1640,27949,13765,14185,19940
"Maldives",2009,8,NA,NA,NA,NA,4,7,NA,NA,NA,30,NA,0.9,NA,30,21.1,NA,NA,NA,NA,NA,NA,3,NA,NA,NA,1,NA,NA,NA,NA,NA,NA,NA,NA,NA,NA,60,61,9,85,14,252,191,146,23,312,154,157,121
"Mali",2009,41101,NA,NA,NA,21.7,6361,6461,NA,NA,NA,124019,1000,12569,2000,122019,68349,NA,NA,NA,34640,NA,NA,100,NA,NA,NA,34640,NA,NA,NA,NA,NA,NA,NA,5000,361,236,11267,1485,1109,2457,1870,3643,9680,3942,2978,14910,7466,7444,5230
"Malta",2009,9.3,NA,NA,2.8,NA,8,9.3,NA,NA,NA,32,0.7,0.3,NA,32,22.4,NA,NA,NA,NA,NA,NA,1.3,NA,NA,NA,NA,NA,NA,NA,NA,NA,NA,NA,7.3,NA,3.2,4,59,0,115,2,411,23,173,2,415,209,206,392
"Marshall Islands",2009,13,NA,NA,NA,NA,2,10,NA,NA,NA,18,NA,12.64,NA,18,NA,NA,NA,NA,NA,NA,NA,8,NA,NA,NA,3,NA,NA,NA,NA,NA,NA,NA,NA,NA,NA,12,11,2,15,4,41,15,26,6,53,27,27,38
"Martinique",2009,27,0.13,0.01,NA,0.14,10.5,17.1,NA,NA,NA,113,2.4,48.5,7,106,30.5,NA,NA,1,8.9,NA,NA,6.6,NA,NA,NA,9.9,NA,NA,NA,NA,NA,NA,NA,NA,NA,6,9,95,1,89,3,395,44,184,4,404,216,189,360
"Mauritania",2009,39651,NA,NA,NA,NA,390,401,NA,NA,NA,103070,NA,247,NA,103070,63172,NA,NA,NA,NA,NA,NA,11,NA,NA,NA,39250,NA,NA,NA,NA,NA,NA,NA,NA,NA,45,1707,626,391,811,335,1671,1987,1437,726,3378,1681,1697,1391
"Mauritius",2009,98,NA,NA,21,NA,87,91,NA,NA,NA,204,NA,34.98,1,203,70.02,NA,NA,NA,NA,NA,NA,4,NA,NA,NA,7,NA,NA,NA,NA,NA,NA,NA,NA,NA,21.5,107,216,12,371,37,1185,751,587,50,1292,653,638,541
"Mayotte",2009,20,NA,NA,NA,NA,7,20,NA,NA,NA,37.5,NA,14.01,NA,37.5,3.49,NA,NA,NA,NA,NA,NA,13,NA,NA,NA,NA,NA,NA,NA,NA,NA,NA,NA,NA,NA,NA,138,37,31,48,29,60,133,85,60,198,99,99,65
"Melanesia",2009,2090,NA,NA,NA,16,463,1436,NA,NA,NA,54078,NA,33376.52,1119,52959,17492.48,NA,NA,NA,NA,NA,NA,973,NA,NA,NA,654,NA,NA,NA,NA,NA,NA,NA,NA,NA,13,5729,1731,1271,2006,1138,2832,6989,3738,2408,8560,4192,4368,1573
"Mexico",2009,102833,332.4,NA,5626,332.4,25133,27833,63,NA,63,196438,NA,64957.2,2043,194395,26604.8,NA,NA,NA,NA,NA,NA,2700,263.4,NA,263.4,75000,6,NA,6,NA,NA,NA,NA,NA,NA,6300,20689,17278,983,30623,7020,91345,25174,47901,8003,112033,56784,55249,86860
"Micronesia",2009,96.4,NA,NA,NA,NA,9,79.4,NA,NA,NA,317,NA,185.55,NA,317,58.79,NA,NA,NA,NA,NA,NA,70.4,NA,NA,NA,17,NA,NA,NA,NA,NA,NA,NA,NA,NA,0.3,127,108,16,151,44,405,177,258,60,531,263,268,355
"Micronesia (Federated States of)",2009,22,NA,NA,NA,NA,2,19,NA,NA,NA,70,NA,64.1,NA,70,NA,NA,NA,NA,NA,NA,NA,17,NA,NA,NA,3,NA,NA,NA,NA,NA,NA,NA,NA,NA,NA,26,22,3,32,9,85,86,54,13,111,54,56,25
"Middle Africa",2009,160732,1.9,4.8,NA,13.1,23880,26762,NA,NA,NA,661266,NA,313514.2,11584,649682,176808.8,NA,NA,NA,NA,NA,NA,2882,NA,NA,NA,133970,NA,NA,NA,NA,NA,NA,NA,NA,NA,167,70323,20227,14331,28378,13981,53130,70821,48606,28313,123452,62061,61392,52633
"Mongolia",2009,115800,NA,NA,NA,NA,960,962,NA,NA,NA,156412,120,10980,1056,155356,28576,NA,NA,1538,113300,NA,NA,2,NA,NA,NA,114838,NA,NA,NA,NA,NA,NA,NA,840,NA,84,500,602,106,598,115,2212,1043,1200,221,2712,1373,1339,1668
"Montenegro",2009,514,NA,NA,NA,NA,173,189,NA,NA,NA,1381,14,543,36,1345,288,NA,NA,NA,NA,NA,NA,16,NA,NA,NA,325,NA,NA,NA,NA,NA,NA,NA,32,127,2.3,85,138,16,169,25,546,242,307,41,630,321,309,388
"Montserrat",2009,3,NA,NA,NA,NA,2,2,NA,NA,NA,10,NA,2.5,NA,10,4.5,NA,NA,NA,NA,NA,NA,NA,NA,NA,NA,1,NA,NA,NA,NA,NA,NA,NA,NA,NA,NA,1,1,0,2,0,5,5,3,1,6,3,3,1
"Morocco",2009,30055,NA,NA,1386,3.8,8055,9055,NA,NA,NA,44655,2000,5121,25,44630,9454,NA,NA,NA,NA,NA,NA,1000,NA,NA,NA,21000,NA,NA,NA,NA,NA,NA,NA,NA,NA,1458,8394,2880,1435,8749,1609,23240,13410,11628,3044,31635,16106,15529,18224
"Mozambique",2009,49300,NA,NA,NA,NA,5050,5300,NA,NA,NA,79938,NA,39233.4,1300,78638,NA,NA,NA,NA,NA,NA,NA,250,NA,NA,NA,44000,NA,NA,NA,NA,NA,NA,NA,NA,NA,118,17442,5889,5541,4636,2960,5417,14254,10525,8502,22859,11751,11108,8604
"Myanmar",2009,12440.5,NA,NA,NA,NA,11035,12135,NA,NA,NA,67659,257,32082.6,2307,65352,20828.9,NA,NA,NA,305.5,NA,NA,1100,NA,NA,NA,305.5,NA,NA,NA,NA,NA,NA,NA,10778,NA,2275,32088,12627,8894,14984,9719,15514,31907,27612,18613,47601,24134,23468,15694
"Namibia",2009,38808,NA,NA,NA,NA,800,808,NA,NA,NA,82429,NA,7364.2,100,82329,36156.8,NA,NA,NA,NA,NA,NA,8,NA,NA,NA,38000,NA,NA,NA,NA,NA,NA,NA,NA,NA,8,936,358,117,413,147,1306,1404,771,265,2242,1129,1113,838
"Nauru",2009,0.4,NA,NA,NA,NA,NA,0.4,NA,NA,NA,2,NA,0,NA,2,1.6,NA,NA,NA,NA,NA,NA,0.4,NA,NA,NA,NA,NA,NA,NA,NA,NA,NA,NA,NA,NA,NA,2,2,0,3,1,8,0,5,1,10,5,5,10
"Nepal",2009,4250,8,0.2,NA,8.2,2400,2520,NA,NA,NA,14718,15,3636,383,14335,6449,NA,NA,NA,NA,NA,NA,120,NA,NA,NA,1730,NA,NA,NA,NA,NA,NA,NA,2375,10,1168,27370,5746,5617,6859,6104,2063,24117,12605,11721,29433,14830,14603,5315
"Net Food Importing Developing Countries",2009,1171974.3,408.33,518.83,NA,1804.7,222975.8,250459.5,0.9,NA,23.9,2999164.5,NA,804771.87,76434,2922730.5,958245.93,NA,NA,NA,NA,NA,NA,27483.7,2.85,0.05,124.1,921514.8,NA,NA,24,NA,NA,NA,NA,NA,NA,47763.43,698985,210216,137000,329890,159225,593929,837786,540104,296224,1292909,645039,647867,455118
"Netherlands",2009,1917.4,47.5,1.8,NA,49.3,1054.7,1090.2,NA,NA,NA,4154,7.4,365,781,3373,1090.6,NA,NA,784.8,42.4,NA,NA,35.5,NA,NA,NA,827.2,NA,NA,NA,NA,NA,NA,NA,857.4,189.9,460,419,3952,79,4704,140,16140,2917,8657,219,16559,8348,8211,13642
"Netherlands Antilles",2009,8,NA,NA,NA,NA,8,8,NA,NA,NA,80,NA,1.2,NA,80,70.8,NA,NA,NA,NA,NA,NA,NA,NA,NA,NA,NA,NA,NA,NA,NA,NA,NA,NA,NA,NA,NA,1,48,0,49,0,198,14,96,0,198,106,92,184
"New Caledonia",2009,251,NA,NA,NA,NA,7,12,NA,NA,NA,1858,NA,839,30,1828,738,NA,NA,NA,NA,NA,NA,5,NA,NA,NA,239,NA,NA,NA,NA,NA,NA,NA,NA,NA,10,76,40,13,65,20,171,105,105,32,247,123,124,142
"New Zealand",2009,11490,NA,NA,NA,124.5,471,542,NA,NA,NA,26771,NA,8277.4,440,26331,6563.6,NA,NA,NA,NA,NA,NA,71,NA,NA,NA,10948,NA,NA,NA,NA,NA,NA,NA,NA,NA,619,337,1084,65,1242,121,3986,598,2325,186,4323,2201,2121,3725
"Nicaragua",2009,5146,27.1,6.5,NA,33.6,1900,2130,NA,NA,NA,13037,NA,3184,1003,12034,3704,NA,NA,NA,NA,NA,NA,230,NA,NA,NA,3016,NA,NA,NA,NA,NA,NA,NA,NA,NA,61,916,739,27,1577,328,4794,2454,2316,355,5710,2884,2827,3256
"Niger",2009,43782,0.4,NA,NA,0.4,14940,15000,NA,NA,NA,126700,NA,1216.4,30,126670,81671.6,NA,NA,NA,NA,NA,NA,60,NA,NA,NA,28782,NA,NA,NA,NA,NA,NA,NA,NA,NA,74,12457,1534,1489,3395,2612,2516,12428,4929,4101,14972,7445,7527,2544
"Nigeria",2009,74500,NA,NA,NA,8.2,34000,37000,NA,NA,NA,92377,NA,9450.6,1300,91077,7126.4,NA,NA,NA,NA,NA,NA,3000,NA,NA,NA,37500,NA,NA,NA,NA,NA,NA,NA,NA,NA,293,39609,17263,4749,30570,7515,114879,78662,47834,12264,154488,76300,78188,75826
"Niue",2009,5,NA,NA,NA,NA,1,4,NA,NA,NA,26,NA,18.7,NA,26,2.3,NA,NA,NA,NA,NA,NA,3,NA,NA,NA,1,NA,NA,NA,NA,NA,NA,NA,NA,NA,NA,0,0,0,0,0,1,1,1,0,2,1,1,1
"Northern Africa",2009,242143,52.5,412,NA,691.9,43060,48560,NA,NA,23,852470,NA,78558.8,14431,838039,517337.2,NA,NA,NA,NA,NA,NA,5500,NA,NA,120,193583,NA,NA,24,NA,NA,NA,NA,NA,NA,8456,63450,20220,8866,51580,11937,142470,101216,71802,20802,205920,102673,103249,104703
"Northern America",2009,471289.74,695.5,8.2,NA,703.7,207854.74,217604.74,NA,NA,NA,2022692,NA,613777.34,157526,1865166,780098.92,NA,NA,NA,NA,NA,NA,9750,NA,NA,NA,253685,NA,NA,NA,NA,NA,NA,NA,NA,NA,23855,5902,82560,833,96383,2066,335588,61977,178942,2900,341490,172992,168498,279514
"Northern Europe",2009,38325.38,1601.76,330.75,NA,1926.51,19132,19244.28,481.97,91.52,573.49,174973,NA,72246.76,10711.5,164261.5,53689.36,NA,NA,NA,NA,NA,NA,112.28,8.35,1.69,10.04,19081.1,485.97,102.14,588.11,NA,NA,NA,NA,NA,NA,996.04,2720,23833,343,27378,999,95899,20768,51211,1341,98620,50198,48422,77852
"Northern Mariana Islands",2009,3,NA,NA,NA,NA,1,2,NA,NA,NA,46,NA,30.48,NA,46,12.52,NA,NA,NA,NA,NA,NA,1,NA,NA,NA,1,NA,NA,NA,NA,NA,NA,NA,NA,NA,0.1,14,13,2,17,5,47,5,30,7,61,31,31,56
"Norway",2009,1014.38,43.99,12.75,NA,56.74,835,839.58,35.37,10.92,46.29,32378,2,9988.6,1831,30547,19544.02,NA,NA,22.5,152.3,NA,NA,4.58,0.15,0.09,0.24,174.8,8.47,1.74,10.21,NA,NA,NA,NA,350.1,482.9,103.9,187,1235,35,1370,55,4647,1014,2605,90,4834,2419,2415,3820
"Occupied Palestinian Territory ",2009,367,NA,NA,NA,NA,100,217,NA,NA,NA,602,NA,9.17,NA,602,225.83,NA,NA,NA,NA,NA,NA,117,NA,NA,NA,150,NA,NA,NA,NA,NA,NA,NA,NA,NA,21,326,349,80,991,31,3604,1025,1339,111,3931,1936,1995,2906
"Oceania",2009,422870.3,9.66,0.05,NA,12152.4,48153.5,49704.3,NA,NA,NA,856143.7,NA,192456.24,7489,848654.7,233354.65,NA,NA,NA,NA,NA,NA,1550.8,NA,NA,NA,373166,NA,NA,NA,NA,NA,NA,NA,NA,NA,3183.3,7246,8251,1580,9835,1607,28742,10573,18085,3184,35984,17982,18002,25414
"Oman",2009,1836,NA,NA,74,NA,99,136,NA,NA,NA,30950,62,2,NA,30950,29112,37,0,NA,NA,NA,NA,37,NA,NA,NA,1700,NA,NA,NA,20,0,17,0,20,17,59,800,199,21,858,290,1912,738,1057,312,2712,1135,1578,1974
"Pakistan",2009,26280,NA,NA,19410,20.3,20430,21280,NA,NA,NA,79610,5040,1730,2522,77088,49078,NA,NA,NA,NA,NA,NA,850,NA,NA,NA,5000,NA,NA,NA,NA,NA,NA,NA,NA,NA,20200,73682,12240,7065,48452,16929,96813,109814,60692,23995,170494,83785,86709,60680
"Palau",2009,5,NA,NA,NA,NA,1,3,NA,NA,NA,46,NA,40.3,NA,46,0.7,NA,NA,NA,NA,NA,NA,2,NA,NA,NA,2,NA,NA,NA,NA,NA,NA,NA,NA,NA,NA,5,4,1,6,2,16,4,10,2,20,10,10,17
"Panama",2009,2230,NA,NA,NA,NA,548,695,NA,NA,NA,7542,NA,3262.8,108,7434,1941.2,NA,NA,NA,NA,NA,NA,147,NA,NA,NA,1535,NA,NA,NA,NA,NA,NA,NA,NA,NA,43,633,590,9,980,241,2829,898,1570,250,3462,1718,1744,2564
"Papua New Guinea",2009,1150,NA,NA,NA,3.3,260,960,NA,NA,NA,46284,NA,28868.2,998,45286,15267.8,NA,NA,NA,NA,NA,NA,700,NA,NA,NA,190,NA,NA,NA,NA,NA,NA,NA,NA,NA,NA,4914,1438,1145,1510,920,1790,5866,2949,2065,6703,3284,3419,838
"Paraguay",2009,20900,NA,NA,NA,NA,3800,3900,NA,NA,NA,40675,NA,17760.6,945,39730,1069.4,NA,NA,4451,12549,NA,NA,100,NA,NA,NA,17000,NA,NA,NA,NA,NA,NA,NA,NA,NA,67,1922,1495,64,1771,756,4420,2479,3266,820,6342,3141,3201,3862
"Peru",2009,21440,131.4,54.9,NA,186.3,3650,4440,NA,NA,NA,128522,NA,68142,522,128000,38418,NA,NA,NA,NA,NA,NA,790,NA,NA,NA,17000,NA,NA,NA,NA,NA,NA,NA,NA,NA,1196,7006,6631,1144,8311,2528,21759,6744,14942,3671,28765,14351,14415,22021
"Philippines",2009,11950,NA,NA,NA,51.8,5400,10450,NA,NA,NA,30000,NA,7610.2,183,29817,10256.8,NA,NA,NA,NA,NA,NA,5050,NA,NA,NA,1500,NA,NA,NA,NA,NA,NA,NA,NA,NA,1540,31274,15089,3220,23819,10116,60429,47056,38908,13336,91703,45682,46021,44647
"Poland",2009,16119,222,145,NA,367,12539,12939,NA,NA,NA,31268,528,9309.6,848,30420,4991.4,NA,NA,3180,NA,NA,NA,400,NA,NA,NA,3180,NA,NA,NA,NA,NA,NA,NA,12011,NA,116,5798,7942,1113,9455,1923,32451,14905,17396,3036,38249,19787,18462,23344
"Polynesia",2009,163.9,9.66,0.05,NA,9.9,49.5,135.9,NA,NA,NA,851.7,NA,392.31,38,813.7,260.24,NA,NA,NA,NA,NA,NA,86.4,NA,NA,NA,28,NA,NA,NA,NA,NA,NA,NA,NA,NA,1,186,105,28,167,49,484,385,272,75,668,328,341,282
"Portugal",2009,3684,NA,NA,NA,NA,1125,1903,NA,NA,NA,9209,321,3452.2,62,9147,2010.8,NA,NA,NA,NA,NA,NA,778,NA,NA,NA,1781,NA,NA,NA,NA,NA,NA,NA,NA,NA,584,1134,2646,337,3004,196,9523,4252,5650,533,10657,5496,5161,6405
"Puerto Rico",2009,190,NA,NA,NA,NA,60,100,NA,NA,NA,887,NA,543.2,NA,887,153.8,NA,NA,NA,NA,NA,NA,40,NA,NA,NA,90,NA,NA,NA,NA,NA,NA,NA,NA,NA,22,60,607,1,810,16,3694,51,1417,17,3754,1949,1804,3702
"Qatar",2009,65,NA,NA,NA,NA,12,15,NA,NA,NA,1159,NA,0,NA,1159,1094,NA,NA,NA,NA,NA,NA,3,NA,NA,NA,50,NA,NA,NA,NA,NA,NA,NA,NA,NA,13,13,115,0,917,8,1585,68,1031,8,1598,399,1199,1530
"Republic of Korea",2009,1854,NA,NA,NA,NA,1595,1796,NA,NA,NA,9990,37,6228.6,280,9710,1627.4,NA,NA,NA,NA,NA,NA,201,NA,NA,NA,58,NA,NA,NA,NA,NA,NA,NA,NA,NA,806,2340,9922,589,14321,761,45624,8321,24243,1350,47964,24054,23910,39643
"Republic of Moldova",2009,2472,NA,NA,228,NA,1817,2118,NA,NA,NA,3385,29,381.4,96,3289,435.6,NA,NA,NA,NA,NA,NA,301,NA,NA,NA,354,NA,NA,NA,NA,NA,NA,NA,NA,NA,228.3,559,711,64,645,146,3043,1943,1355,210,3603,1893,1710,1660
"Réunion",2009,47.1,0.14,0.05,NA,0.2,32.8,35.7,NA,NA,NA,251,0.7,87.4,1,250,115.5,NA,NA,NA,NA,NA,NA,2.9,NA,NA,NA,11.4,NA,NA,NA,NA,NA,NA,NA,30.9,1.2,9.5,14,166,1,195,5,822,52,361,6,836,426,410,784
"Romania",2009,13523,83.9,84,296,167.9,8789,9151,54,73,127,23839,905,6536.6,833,23006,2946.4,3,359,4372,NA,NA,NA,362,0.9,1,1.9,4372,29,10,39,293,6765,NA,NA,7058,826,3157,1901,4336,402,5165,518,19636,9288,9500,920,21537,11078,10459,12250
"Russian Federation",2009,215561,NA,NA,NA,NA,121750,123541,NA,NA,NA,1709824,NA,809030,72137,1637687,613096,NA,NA,NA,NA,NA,NA,1791,NA,NA,NA,92020,NA,NA,NA,NA,NA,NA,NA,NA,NA,4300,11818,38467,1604,38908,4787,131246,38505,77375,6392,143064,76861,66203,104559
"Rwanda",2009,2000,NA,NA,NA,3.7,1300,1580,NA,NA,NA,2634,NA,425,167,2467,42,NA,NA,NA,NA,NA,NA,280,NA,NA,NA,420,NA,NA,NA,NA,NA,NA,NA,NA,NA,9,9231,2481,2387,2247,1845,1081,8390,4728,4232,10311,5252,5059,1921
"Saint Helena",2009,12,NA,NA,NA,NA,4,4,NA,NA,NA,39,NA,2,NA,39,25,NA,NA,NA,NA,NA,NA,NA,NA,NA,NA,8,NA,NA,NA,NA,NA,NA,NA,NA,NA,NA,2,1,0,1,0,2,3,1,1,4,2,2,2
"Saint Kitts and Nevis",2009,5.5,NA,NA,0.4,NA,4,4.2,NA,NA,NA,26,NA,11,NA,26,9.5,NA,NA,NA,NA,NA,NA,0.2,NA,NA,NA,1.3,NA,NA,NA,0.4,3.6,NA,NA,4,NA,0.5,11,9,1,13,3,41,35,22,5,52,26,26,17
"Saint Lucia",2009,11,NA,NA,NA,NA,3,10,NA,NA,NA,62,NA,47,1,61,3,NA,NA,NA,NA,NA,NA,7,NA,NA,NA,1,NA,NA,NA,NA,NA,NA,NA,NA,NA,3,35,34,4,48,13,137,124,83,17,172,88,84,48
"Saint Pierre and Miquelon",2009,3,NA,NA,NA,NA,3,3,NA,NA,NA,24,NA,2.92,1,23,17.08,NA,NA,NA,NA,NA,NA,NA,NA,NA,NA,NA,NA,NA,NA,NA,NA,NA,NA,NA,NA,NA,0,1,0,2,0,6,1,3,0,6,3,3,5
"Saint Vincent and the Grenadines",2009,10,NA,NA,NA,NA,5,8,NA,NA,NA,39,NA,26.62,NA,39,2.38,NA,NA,NA,NA,NA,NA,3,NA,NA,NA,2,NA,NA,NA,NA,NA,NA,NA,NA,NA,1,23,22,3,32,8,87,56,53,11,109,54,55,53
"Samoa",2009,67,9.66,0.05,NA,9.7,25,64,NA,NA,NA,284,NA,171,1,283,45,NA,NA,NA,NA,NA,NA,39,NA,NA,NA,3,NA,NA,NA,NA,NA,NA,NA,NA,NA,NA,51,22,6,44,13,132,145,66,18,182,88,94,37
"San Marino",2009,1,NA,NA,NA,NA,1,1,NA,NA,NA,6,NA,0,NA,6,5,NA,NA,NA,NA,NA,NA,NA,NA,NA,NA,NA,NA,NA,NA,NA,NA,NA,NA,NA,NA,NA,2,6,0,9,0,29,2,15,1,31,15,16,30
"Sao Tome and Principe",2009,56,NA,NA,NA,3.6,10,55,NA,NA,NA,96,NA,27,NA,96,13,NA,NA,NA,NA,NA,NA,45,NA,NA,NA,1,NA,NA,NA,NA,NA,NA,NA,NA,NA,10,94,22,15,33,16,69,63,55,32,163,82,80,100
"Saudi Arabia",2009,173435,15.5,31.1,NA,46.6,3200,3435,NA,NA,NA,214969,NA,977,NA,214969,40557,NA,NA,NA,NA,NA,NA,235,NA,NA,NA,170000,NA,NA,NA,NA,NA,NA,NA,NA,NA,1731,1468,1501,30,8327,508,25341,4864,9828,538,26809,11914,14895,21945
"Senegal",2009,9505,NA,NA,NA,NA,3850,3905,NA,NA,NA,19672,850,8513,419,19253,1235,NA,NA,NA,NA,NA,NA,55,NA,NA,NA,5600,NA,NA,NA,NA,NA,NA,NA,3000,NA,120,8546,2258,1754,3004,1961,3561,7011,5262,3714,12107,6102,6005,5096
"Serbia",2009,5055,NA,NA,31,NA,3298,3596,NA,NA,NA,8836,209,2665.6,90,8746,1025.4,1,297,NA,NA,NA,NA,298,NA,NA,NA,1459,NA,NA,NA,30,3059,NA,NA,3089,NA,89,1323,2145,249,2657,396,8528,4362,4802,645,9851,4977,4874,5489
"Seychelles",2009,3,NA,NA,NA,NA,1,3,NA,NA,NA,46,NA,40.7,NA,46,2.3,NA,NA,NA,NA,NA,NA,2,NA,NA,NA,NA,NA,NA,NA,NA,NA,NA,NA,NA,NA,0.3,64,19,15,21,15,22,39,40,30,86,42,44,47
"Sierra Leone",2009,3415,NA,NA,NA,72.5,1085,1215,NA,NA,NA,7174,NA,2745.6,12,7162,1001.4,NA,NA,NA,NA,NA,NA,130,NA,NA,NA,2200,NA,NA,NA,NA,NA,NA,NA,NA,NA,30,3476,1102,804,1060,505,2263,3555,2162,1309,5739,2938,2801,2184
"Singapore",2009,0.7,NA,NA,NA,NA,0.5,0.7,NA,NA,NA,71,NA,2.3,1,70,67,NA,NA,NA,NA,NA,NA,0.2,NA,NA,NA,NA,NA,NA,NA,NA,NA,NA,NA,NA,NA,NA,4,1116,0,1561,2,4942,0,2677,2,4946,2452,2494,4946
"Slovakia",2009,1930,111.5,34,20,145.5,1382,1406,31.7,13.6,45.3,4904,13,1932.8,95,4809,946.2,NA,NA,NA,NA,NA,NA,24,0.6,0.4,1,524,77.9,19.9,97.8,NA,NA,NA,NA,1308,61,135,396,1240,45,1531,157,5056,2450,2772,202,5452,2802,2650,3002
"Slovenia",2009,468,25.9,3.5,4,29.4,175,201,2.4,0.5,2.9,2027,1,1251,13,2014,295,1,25,NA,NA,NA,NA,26,0.8,0.3,1.1,267,22.7,2.7,25.4,3,146,NA,NA,149,25,10,15,473,3,553,4,2009,1020,1026,8,2024,1035,989,1004
"Small Island Developing States",2009,18454.3,161.42,13.31,NA,235.68,7547.5,10512.6,0.12,NA,0.12,124547.1,NA,75033.47,5373,119174.1,26562.82,NA,NA,NA,NA,NA,NA,2965.1,1.01,0.05,1.06,7941.7,NA,NA,NA,NA,NA,NA,NA,NA,NA,1623.96,18603,11394,2756,16602,4761,44894,25995,27995,7517,63490,31609,31875,37495
"Solomon Islands",2009,84,NA,NA,NA,NA,16,76,NA,NA,NA,2890,NA,2218.6,91,2799,496.4,NA,NA,NA,NA,NA,NA,60,NA,NA,NA,8,NA,NA,NA,NA,NA,NA,NA,NA,NA,NA,357,83,68,133,79,167,429,216,147,524,253,271,95
"Somalia",2009,44028,NA,NA,NA,NA,1000,1028,NA,NA,NA,63766,NA,6823.8,1032,62734,11882.2,NA,NA,NA,NA,NA,NA,28,NA,NA,NA,43000,NA,NA,NA,NA,NA,NA,NA,NA,NA,200,6027,1418,1098,2208,1298,3093,5748,3625,2396,9120,4598,4522,3371
"South Africa",2009,99228,NA,NA,NA,59.6,14350,15300,NA,NA,NA,121909,NA,9241,462,121447,12978,NA,NA,NA,NA,NA,NA,950,NA,NA,NA,83928,NA,NA,NA,NA,NA,NA,NA,NA,NA,1498,5039,8223,361,9969,860,44712,19295,18192,1221,49752,25134,24617,30456
"South America",2009,589205.9,5649.78,436.54,NA,7893.03,112749.5,126259.5,2.92,0.14,3.06,1780280.6,NA,867932.4,24041.4,1756239.2,299100.9,NA,NA,NA,NA,NA,NA,13510,76,4.9,80.9,462946.4,92.06,372,459.06,NA,NA,NA,NA,NA,NA,12359,52378,84253,6347,109578,19586,336061,63684,193832,25933,388439,196537,191904,324755
"South-Eastern Asia",2009,124215.6,NA,NA,NA,190.3,68843.5,107151.7,NA,NA,NA,449532.1,NA,215150.7,15439.1,434093,94727.1,NA,NA,NA,NA,NA,NA,38308.2,NA,NA,NA,17063.9,NA,NA,NA,NA,NA,NA,NA,NA,NA,22548,255812,122830,59048,173039,80400,330992,342874,295869,139451,586802,294865,291942,243929
"Southern Africa",2009,167449,NA,NA,NA,60.05,15910,16889,NA,NA,NA,267283,NA,28795.4,2078,265205,69021.2,NA,NA,NA,NA,NA,NA,979,NA,NA,NA,150560,NA,NA,NA,NA,NA,NA,NA,NA,NA,1560.5,7998,9598,966,11492,1328,49294,23989,21090,2296,57293,28937,28356,33303
"Southern Asia",2009,309192,827.43,380.66,NA,1247.69,214599,231150,NA,NA,NA,687622.4,NA,92638.3,47645,639977.4,238147.1,NA,NA,NA,NA,NA,NA,16551,NA,NA,NA,78042,NA,NA,NA,NA,NA,NA,NA,NA,NA,106098,803143,199055,121778,478822,229666,876966,1153171,677878,351444,1680107,816415,863691,526937
"Southern Europe",2009,65181.79,2056.22,1022.51,NA,2973.93,29606.8,39510.5,5.8,7.5,13.3,131632,NA,44741.64,2153,129480,19556.57,NA,NA,NA,NA,NA,NA,9903.7,1.1,1.7,2.8,25671.29,23.2,4.2,27.4,NA,NA,NA,NA,NA,NA,10538.5,9691,30654,2082,41160,2570,144675,50108,71811,4656,154364,78636,75726,104255
"Spain",2009,27680,997.5,605.4,NA,1330.8,12497,17216,NA,NA,NA,50537,3733,17997.3,657,49880,4202.7,NA,NA,NA,NA,NA,NA,4719,NA,NA,NA,10464,NA,NA,NA,NA,NA,NA,NA,7814,950,3818,2123,9571,394,12967,661,43515,10386,22538,1055,45638,23118,22520,35252
"Sri Lanka",2009,2610,2.7,0.4,NA,21.2,1200,2170,NA,NA,NA,6561,NA,1874.6,290,6271,1786.4,NA,NA,NA,NA,NA,NA,970,NA,NA,NA,440,NA,NA,NA,NA,NA,NA,NA,NA,NA,570,9008,3541,1490,5831,2522,11661,17705,9372,4011,20669,10457,10212,2964
"Sudan (former)",2009,136731,52.5,412,1427,464.5,20160,20391,NA,NA,NA,250581,2000,70003.2,12981,237600,30865.8,230,1,NA,116340,NA,NA,231,NA,NA,NA,116340,NA,NA,NA,1197,16963,NA,NA,18160,NA,1863,22301,4139,2744,9220,4270,20178,25755,13360,7014,42478,21077,21402,16723
"Suriname",2009,81.4,NA,NA,NA,NA,58,64,NA,NA,NA,16382,NA,14761.6,782,15600,757,NA,NA,NA,NA,NA,NA,6,NA,NA,NA,17.4,NA,NA,NA,NA,NA,NA,NA,NA,NA,57,88,71,8,120,24,432,161,192,33,520,259,261,358
"Swaziland",2009,1222,NA,NA,NA,NA,175,190,NA,NA,NA,1736,NA,558.6,16,1720,NA,NA,NA,NA,NA,NA,NA,15,NA,NA,NA,1032,NA,NA,NA,NA,NA,NA,NA,NA,NA,50,344,233,76,237,62,824,918,470,138,1168,595,574,250
"Sweden",2009,3079,303.3,88.2,NA,391.5,2634,2643,NA,NA,NA,45030,153,28203,3996,41034,9752,NA,NA,NA,NA,NA,NA,9,NA,NA,NA,436,NA,NA,NA,NA,NA,NA,NA,NA,NA,160,245,2391,42,2644,76,9066,1434,5034,118,9311,4678,4633,7877
"Switzerland",2009,1525.4,NA,NA,NA,112.1,407,430.4,NA,NA,17.7,4128,2.1,1235.4,128,4000,1239.2,NA,NA,NA,1095,NA,NA,23.4,NA,NA,1.2,1095,NA,NA,94.4,NA,NA,NA,NA,275.4,129.5,25,391,1977,60,2308,80,7231,2017,4284,140,7621,3878,3743,5604
"Syrian Arab Republic",2009,13908,35.4,NA,1238,35.4,4670,5664,NA,NA,NA,18518,1325,485,155,18363,3970,189,805,NA,8244,NA,NA,994,NA,NA,NA,8244,NA,NA,NA,1049,2296,NA,NA,3345,NA,1238,4080,1398,793,5138,537,15974,8957,6536,1330,20054,9895,10159,11097
"Tajikistan",2009,4750,NA,NA,702,NA,742,875,NA,NA,NA,14255,22,410,259,13996,8836,NA,NA,NA,NA,NA,NA,133,NA,NA,NA,3875,NA,NA,NA,NA,NA,NA,NA,NA,NA,719,1903,1277,406,1445,358,4880,4999,2722,764,6783,3442,3342,1784
"Thailand",2009,19795,NA,NA,NA,29.6,15300,18995,NA,NA,NA,51312,NA,18957.2,223,51089,12336.8,NA,NA,NA,NA,NA,NA,3695,NA,NA,NA,800,NA,NA,NA,NA,NA,NA,NA,NA,NA,6415,28779,18364,8811,21149,10683,39927,45629,39513,19494,68706,34929,33778,23077
"The former Yugoslav Republic of Macedonia",2009,1013,NA,NA,NA,NA,420,455,NA,NA,NA,2571,127,993.4,49,2522,515.6,NA,NA,58,500,NA,NA,35,NA,NA,NA,558,NA,NA,NA,NA,NA,NA,NA,293,NA,128,162,356,23,552,48,1895,839,908,72,2057,1026,1030,1218
"Timor-Leste",2009,375,NA,NA,NA,NA,165,225,NA,NA,NA,1487,NA,753.2,NA,1487,358.8,NA,NA,NA,NA,NA,NA,60,NA,NA,NA,150,NA,NA,NA,NA,NA,NA,NA,NA,NA,35,877,175,154,257,190,223,795,432,344,1100,539,561,305
"Togo",2009,3380,1.8,NA,NA,1.8,2200,2380,NA,NA,NA,5679,NA,306.8,240,5439,1752.2,NA,NA,NA,NA,NA,NA,180,NA,NA,NA,1000,NA,NA,NA,NA,NA,NA,NA,NA,NA,7,3190,896,521,1453,749,2712,3379,2349,1270,5902,2979,2923,2522
"Tokelau",2009,0.6,NA,NA,NA,NA,NA,0.6,NA,NA,NA,1,NA,0,NA,1,0.4,NA,NA,NA,NA,NA,NA,0.6,NA,NA,NA,NA,NA,NA,NA,NA,NA,NA,NA,NA,NA,NA,0,0,0,0,0,1,1,0,0,1,1,1,0
"Tonga",2009,31,NA,NA,NA,NA,16,27,NA,NA,NA,75,NA,9,3,72,32,NA,NA,NA,NA,NA,NA,11,NA,NA,NA,4,NA,NA,NA,NA,NA,NA,NA,NA,NA,NA,29,18,5,23,7,75,79,41,11,104,52,52,24
"Trinidad and Tobago",2009,54,NA,NA,NA,NA,25,47,NA,NA,NA,513,NA,227.12,NA,513,231.88,NA,NA,NA,NA,NA,NA,22,NA,NA,NA,7,NA,NA,NA,NA,NA,NA,NA,NA,NA,7,90,312,8,394,39,1246,1156,706,47,1336,688,648,181
"Tunisia",2009,9789,NA,NA,404,167,2707,4936,NA,NA,23,16361,869,940.4,825,15536,4806.6,NA,NA,NA,NA,NA,NA,2229,NA,NA,120,4853,NA,NA,24,NA,NA,NA,NA,1551,287,445,2164,1051,267,2785,534,8201,3431,3837,801,10365,5181,5184,6934
"Turkey",2009,38911,NA,NA,5215,502,21351,24294,NA,NA,NA,78356,4323,11215.2,1393,76963,26836.8,NA,NA,NA,NA,NA,NA,2943,NA,NA,NA,14617,NA,NA,NA,NA,NA,NA,NA,17028,NA,5215,14712,6343,4266,18223,3907,57134,22137,24566,8173,71846,36009,35838,49709
"Turkmenistan",2009,32610,NA,NA,NA,NA,1850,1910,NA,NA,NA,48810,NA,4127,1817,46993,10256,NA,NA,NA,NA,NA,NA,60,NA,NA,NA,30700,NA,NA,NA,NA,NA,NA,NA,NA,NA,1800,1497,1091,369,1225,327,3483,2538,2316,696,4980,2527,2453,2442
"Turks and Caicos Islands",2009,1,NA,NA,NA,NA,1,1,NA,NA,NA,95,NA,34.4,NA,95,59.6,NA,NA,NA,NA,NA,NA,NA,NA,NA,NA,NA,NA,NA,NA,NA,NA,NA,NA,NA,NA,NA,8,7,1,10,3,30,3,16,3,37,19,18,35
"Tuvalu",2009,1.8,NA,NA,NA,NA,NA,1.8,NA,NA,NA,3,NA,1,NA,3,0.2,NA,NA,NA,NA,NA,NA,1.8,NA,NA,NA,NA,NA,NA,NA,NA,NA,NA,NA,NA,NA,NA,3,2,0,2,1,7,5,4,1,10,5,5,5
"Uganda",2009,13962,NA,NA,NA,NA,6600,8850,NA,NA,NA,24155,NA,3076.2,4174,19981,2942.8,NA,NA,NA,NA,NA,NA,2250,NA,NA,NA,5112,NA,NA,NA,NA,NA,NA,NA,NA,NA,9,23972,6815,5326,7409,5394,8396,28122,14225,10720,32368,16200,16168,4246
"Ukraine",2009,41276,NA,NA,2172,NA,32478,33376,NA,NA,NA,60355,1523,9679,2423,57932,6977,50,848,1320,6580,9,1311,898,NA,NA,NA,7900,NA,NA,NA,2113,28842,NA,NA,30955,NA,2175,5416,11597,698,11707,1792,40299,14379,23303,2490,45715,24668,21047,31336
"United Arab Emirates",2009,569,0.4,NA,NA,0.4,64,264,NA,NA,NA,8360,NA,316.24,NA,8360,7474.76,NA,NA,NA,NA,NA,NA,200,NA,NA,NA,305,NA,NA,NA,NA,NA,NA,NA,NA,NA,230,226,605,0,3781,143,6713,1130,4386,143,6939,2115,4823,5809
"United Kingdom",2009,17325,606.3,113.7,NA,720,6049,6092,191.3,30.6,221.9,24361,244,2873.8,168,24193,3994.2,NA,NA,5865,5368,NA,NA,43,1.9,0.3,2.2,11233,413,82.7,495.7,NA,NA,NA,NA,4564,1241,213,929,14713,119,17279,362,60958,12784,31992,480,61887,31473,30414,49104
"United Republic of Tanzania",2009,35500,41,31.2,NA,72.2,10000,11500,NA,NA,NA,94730,NA,33831.4,6150,88580,19248.6,NA,NA,NA,NA,NA,NA,1500,NA,NA,NA,24000,NA,NA,NA,NA,NA,NA,NA,NA,NA,184,32124,10689,9028,10849,7425,11401,32243,21538,16453,43525,21793,21731,11282
"United States of America",2009,403451,NA,NA,NA,NA,162751,165451,NA,NA,NA,983151,NA,303639.2,68409,914742,207651.8,NA,NA,NA,NA,NA,NA,2700,NA,NA,NA,238000,NA,NA,NA,NA,NA,NA,NA,NA,NA,23000,5256,73488,659,86267,1903,302431,55394,159755,2562,307687,155947,151740,252293
"United States Virgin Islands",2009,4,NA,NA,NA,NA,1,2,NA,NA,NA,35,NA,20.4,NA,35,10.6,NA,NA,NA,NA,NA,NA,1,NA,NA,NA,2,NA,NA,NA,NA,NA,NA,NA,NA,NA,0.1,20,26,3,24,6,89,5,50,9,109,57,52,104
"Uruguay",2009,14807,931,NA,173,931,1881,1912,NA,NA,NA,17622,100,1699.2,120,17502,995.8,NA,NA,NA,NA,NA,NA,31,NA,NA,NA,12895,NA,NA,NA,NA,NA,NA,NA,1501,280,218,337,725,26,915,161,3020,256,1641,187,3357,1737,1620,3101
"Uzbekistan",2009,26651,NA,NA,NA,NA,4301,4651,NA,NA,NA,44740,NA,3279.4,2200,42540,12609.6,NA,NA,NA,NA,NA,NA,350,NA,NA,NA,22000,NA,NA,NA,NA,NA,NA,NA,NA,NA,4223,5968,5691,1184,6625,1525,21160,17286,12316,2709,27128,13645,13483,9842
"Vanuatu",2009,187,NA,NA,NA,NA,20,145,NA,NA,NA,1219,NA,440,NA,1219,592,NA,NA,NA,NA,NA,NA,125,NA,NA,NA,42,NA,NA,NA,NA,NA,NA,NA,NA,NA,NA,73,57,18,65,20,161,175,122,38,234,115,119,59
"Venezuela (Bolivarian Republic of)",2009,21400,NA,NA,NA,NA,2750,3400,NA,NA,NA,91205,NA,46562.6,3000,88205,20242.4,NA,NA,NA,NA,NA,NA,650,NA,NA,NA,18000,NA,NA,NA,NA,NA,NA,NA,NA,NA,580,1839,5317,46,8101,688,26681,1966,13418,734,28520,14205,14314,26554
"Viet Nam",2009,10272,NA,NA,NA,NA,6280,9630,NA,NA,NA,33105.1,NA,13653,2098.1,31007,7082,NA,NA,NA,NA,NA,NA,3350,NA,NA,NA,642,NA,NA,NA,NA,NA,NA,NA,6221,59,4600,55264,22382,14436,23694,14865,31637,61043,46076,29302,86901,43976,42925,25858
"Wallis and Futuna Islands",2009,6,NA,NA,NA,NA,1,6,NA,NA,NA,14,NA,5.86,NA,14,2.14,NA,NA,NA,NA,NA,NA,5,NA,NA,NA,NA,NA,NA,NA,NA,NA,NA,NA,NA,NA,NA,4,2,1,3,1,10,14,6,2,14,7,7,0
"Western Africa",2009,285644,2.2,NA,NA,192.1,82390,94549,NA,NA,NA,614383,NA,74363.19,8259,606124,247110.01,NA,NA,NA,NA,NA,NA,12159,NA,NA,NA,191095,NA,NA,NA,NA,NA,NA,NA,NA,NA,1082,132074,40962,21093,63365,27985,164442,165518,104327,49073,296515,147108,149407,130996
"Western Asia",2009,272831.4,70.03,34.33,NA,621.5,38696.2,44499.9,0.81,2.3,3.11,482806,NA,18893.77,2304.8,480501.2,188776.03,NA,NA,NA,NA,NA,NA,5803.7,1.32,0.53,1.85,228331.5,16.4,NA,16.4,NA,NA,NA,NA,NA,NA,15322.3,36484,20122,7165,59210,8013,190371,75807,79328,15177,226858,109654,117204,151050
"Western Europe",2009,54264.3,606.1,165.65,NA,884.85,34028.8,35428.1,58,45,1285.7,110628.9,NA,33234.81,2082.4,108546.5,21047.39,NA,NA,NA,NA,NA,NA,1399.3,NA,NA,1.2,18836.2,NA,NA,94.4,NA,NA,NA,NA,NA,NA,3710,3939,42410,688,49902,1178,184693,39313,92310,1865,188630,96344,92286,149317
"Western Sahara",2009,5004,NA,NA,NA,NA,4,4,NA,NA,NA,26600,NA,707,NA,26600,20889,NA,NA,NA,NA,NA,NA,NA,NA,NA,NA,5000,NA,NA,NA,NA,NA,NA,NA,NA,NA,NA,159,98,43,161,37,354,95,259,80,513,242,272,418
"World",2009,4889048.21,12672.78,3148.13,NA,34188.02,1381204.04,1533353.92,746.85,250.58,2255.94,13459123.35,NA,4038719.46,455656.3,13003468.05,4088049.47,NA,NA,NA,NA,NA,NA,152149.88,357.01,12.64,497.05,3355694.29,791.28,517.74,1751.42,NA,NA,NA,NA,NA,NA,311678.9,2617743,1308421,554454,1924268,747212,4200007,3398868,3232679,1301669,6817737,3379306,3438435,3418872
"Yemen",2009,23452,NA,NA,NA,NA,1171,1452,NA,NA,NA,52797,145,549,NA,52797,28796,NA,NA,NA,NA,NA,NA,281,NA,NA,NA,22000,NA,NA,NA,NA,NA,NA,NA,1008,18,680,9297,1439,915,4291,1368,14031,16047,5729,2283,23328,11590,11738,7281
"Zambia",2009,23385,4.9,2.5,NA,7.3,3350,3385,NA,NA,NA,75261,NA,49634.6,922,74339,1319.4,NA,NA,NA,NA,NA,NA,35,NA,NA,NA,20000,NA,NA,NA,NA,NA,NA,NA,NA,NA,156,8126,2112,1455,2799,1682,4597,8204,4911,3137,12724,6349,6374,4520
"Zimbabwe",2009,16400,NA,NA,NA,NA,4180,4300,NA,NA,NA,39076,NA,15951,391,38685,6334,NA,NA,NA,NA,NA,NA,120,NA,NA,NA,12100,NA,NA,NA,NA,NA,NA,NA,NA,NA,174,7106,2365,1630,3078,1471,5368,7765,5443,3101,12474,6324,6150,4709
